Rank,Oracle_Score,Length,GC_Percent,Sequence
1,0.89,47,80.85,ACGGTCGGTGCGGTGGCGGTGGCGGGCGGGTGCGGTGGCGGTGCGGTGCTG
2,0.89,47,82.98,TCGGGCGGTGGCGGTGGCGGGGCGGGTGCGGTGGCGGTGCGGTGCTG
3,0.89,47,82.98,ACGGCGGGTGCGGGTGCGGTGCTGGGTGCGGGTGCGGCGGGTGGCGG
4,0.89,47,80.85,TCGGGTGCGGCGGGTGCGGTGCTGCGGGTGGTGGCGGCGGGTGCGGG
5,0.88,47,82.98,TGCGGGGCGGTGCGGTGGCGGGTGCGGGGTGCGGTGGTGCGGTGCTG
6,0.87,47,78.72,TGGGCGGTGCGGTGCGGTGGTGCGGGTGCGTGCGGTGCTGGCGGGTG
7,0.86,47,82.98,TCGGGGGCTGCGGGGTGGTGCGGGTGTGGCGGGGCGTGCGGGTGCGG
8,0.86,47,82.98,CGTGCGGGTGCGGTGGCGGCGGTGCTGGGCGGTGCGGTGGCGGTGCG
9,0.86,47,80.85,ACGGTCGGTGCGGTGCTGGCGGGTGCGGGTGGCGGGCGGGTGCGGGT
10,0.86,47,82.98,TCGGGTGCGGCGGGTGCGGTGCTGCGGGTGGTGGCGGCGGGTGCGGG
